
USE master;
GO

IF EXISTS (SELECT name FROM sys.databases WHERE name = 'pract15')
    DROP DATABASE pract15;
GO

CREATE DATABASE pract15;
GO

USE pract15;
GO


CREATE TABLE [categories$] (
    id FLOAT PRIMARY KEY,
    name NVARCHAR(255)
);

CREATE TABLE [brands$] (
    id FLOAT PRIMARY KEY,
    name NVARCHAR(255)
);

CREATE TABLE [tags$] (
    id FLOAT PRIMARY KEY,
    name NVARCHAR(255)
);

CREATE TABLE [products$] (
    id FLOAT PRIMARY KEY,
    name NVARCHAR(255),
    description NVARCHAR(255),
    price FLOAT,
    stock FLOAT,
    rating FLOAT,
    created_at NVARCHAR(255),
    category_id FLOAT,
    brand_id FLOAT,
    CONSTRAINT FK_products$_categories$ FOREIGN KEY (category_id) REFERENCES [categories$](id),
    CONSTRAINT FK_products$_brands$ FOREIGN KEY (brand_id) REFERENCES [brands$](id)
);

CREATE TABLE [product_tags$] (
    id INT IDENTITY(1,1) PRIMARY KEY,
    product_id FLOAT,
    tag_id FLOAT,
    CONSTRAINT FK_product_tags$_products$ FOREIGN KEY (product_id) REFERENCES [products$](id),
    CONSTRAINT FK_product_tags$_tags$ FOREIGN KEY (tag_id) REFERENCES [tags$](id)
);
GO

INSERT INTO [categories$] (id, name) VALUES
(1, N'Smartphones'),
(2, N'Laptops'),
(3, N'Accessories'),
(4, N'Tablets'),
(5, N'TV');


INSERT INTO [brands$] (id, name) VALUES
(1, N'Samsung'),
(2, N'Apple'),
(3, N'Sony'),
(4, N'Lenovo'),
(5, N'Xiaomi');

INSERT INTO [tags$] (id, name) VALUES
(1, N'New'),
(2, N'Popular'),
(3, N'Discount'),
(4, N'Limited'),
(5, N'TopRated');

INSERT INTO [products$] (id, name, description, price, stock, rating, created_at, category_id, brand_id) VALUES
(1, N'Logitech MX Master 3', N'Latest-generation technology', 167.56, 307, 4.4, '2024-07-11', 3, 5),
(2, N'Lenovo Tab P12', N'High-performance device', 2659.51, 238, 1.8, '2024-03-06', 4, 3),
(3, N'TCL 6-Series 55', N'High-performance device', 1563.33, 499, 4.6, '2023-11-05', 5, 2),
(4, N'Samsung Galaxy Tab S9', N'Premium build quality', 2007.26, 437, 3.2, '2024-04-21', 4, 2),
(5, N'Samsung Galaxy Tab S9', N'Durable and reliable', 2131.64, 78, 1.3, '2024-08-17', 4, 4),
(6, N'LG OLED C2 65', N'Durable and reliable', 558.69, 124, 3.5, '2024-07-06', 5, 2),
(7, N'HP Spectre x360', N'Latest-generation technology', 1922.87, 282, 3.8, '2023-11-17', 2, 5),
(8, N'MacBook Pro 16', N'Budget-friendly model', 1575.3, 121, 2, '2024-07-26', 2, 5),
(9, N'MacBook Pro 16', N'Compact and lightweight', 2652.68, 94, 4.5, '2023-12-06', 2, 2),
(10, N'Xiaomi Pad 6', N'Durable and reliable', 1224.85, 150, 4.8, '2023-02-21', 4, 3),
(11, N'Apple AirPods Pro', N'Top-rated by users', 1601.24, 326, 3.1, '2024-04-12', 3, 3),
(12, N'MacBook Pro 16', N'Budget-friendly model', 290.54, 474, 3.6, '2023-11-15', 2, 4),
(13, N'Sony Bravia X90J', N'Compact and lightweight', 1863.96, 93, 1.4, '2024-03-19', 5, 4),
(14, N'Sony Bravia X90J', N'High-performance device', 2197.89, 394, 4.6, '2023-08-13', 5, 3),
(15, N'Huawei P50', N'High-performance device', 2250.04, 363, 3.3, '2024-07-05', 1, 3),
(16, N'Samsung QLED 55', N'Budget-friendly model', 1425.01, 315, 4.4, '2023-11-23', 5, 4),
(17, N'TCL 6-Series 55', N'Durable and reliable', 2850.11, 411, 1.5, '2023-11-26', 5, 2),
(18, N'Xiaomi Pad 6', N'Latest-generation technology', 1752.25, 231, 3.6, '2023-07-10', 4, 3),
(19, N'iPad Pro 12.9', N'Latest-generation technology', 1643.48, 281, 4.9, '2023-08-04', 4, 4),
(20, N'Lenovo Tab P12', N'Latest-generation technology', 2836.2, 234, 2.1, '2023-03-23', 4, 3);

INSERT INTO [products$] (id, name, description, price, stock, rating, created_at, category_id, brand_id) VALUES
(21, N'LG OLED C2 65', N'High-performance device', 2639.67, 205, 1.1, '2024-07-09', 5, 3),
(22, N'OnePlus 11', N'Latest-generation technology', 376.37, 274, 3.5, '2024-11-12', 1, 4),
(23, N'Samsung Galaxy Buds2', N'High-performance device', 1156.51, 442, 4.1, '2024-03-26', 3, 5),
(24, N'Huawei P50', N'Budget-friendly model', 779.94, 305, 1.6, '2023-01-16', 1, 2),
(25, N'Xiaomi Mi 12', N'Budget-friendly model', 2184.55, 430, 1.4, '2023-12-03', 1, 3),
(26, N'TCL 6-Series 55', N'Top-rated by users', 1003.38, 333, 1.6, '2023-02-26', 5, 3),
(27, N'OnePlus 11', N'Budget-friendly model', 614.44, 48, 4.1, '2023-03-20', 1, 4),
(28, N'Lenovo ThinkPad X1', N'Budget-friendly model', 516.22, 429, 4.1, '2023-02-22', 2, 5),
(29, N'Apple AirPods Pro', N'High-performance device', 2473.68, 430, 3.4, '2023-12-04', 3, 3),
(30, N'LG OLED C2 65', N'Durable and reliable', 2751.47, 156, 4.6, '2024-06-04', 5, 1),
(31, N'Huawei P50', N'Top-rated by users', 1778.05, 232, 4.7, '2024-04-21', 1, 5),
(32, N'Lenovo ThinkPad X1', N'Top-rated by users', 2683.84, 32, 1.6, '2024-06-04', 2, 5),
(33, N'iPad Pro 12.9', N'Compact and lightweight', 2295.17, 73, 3.1, '2024-10-14', 4, 3),
(34, N'Huawei P50', N'Top-rated by users', 1136.43, 45, 4.7, '2024-11-08', 1, 3),
(35, N'Samsung QLED 55', N'Durable and reliable', 220.7, 347, 2.8, '2024-06-21', 5, 2),
(36, N'Samsung QLED 55', N'Latest-generation technology', 580.86, 365, 3.5, '2024-05-14', 5, 1),
(37, N'Lenovo Tab P12', N'Latest-generation technology', 1427.58, 68, 4.5, '2024-01-11', 4, 3),
(38, N'Lenovo Tab P12', N'Top-rated by users', 2748.42, 364, 4.6, '2023-10-03', 4, 4),
(39, N'Sony Bravia X90J', N'Durable and reliable', 1738.98, 325, 4.4, '2023-01-29', 5, 1),
(40, N'Samsung Galaxy Buds2', N'High-performance device', 2328.56, 164, 2.8, '2023-03-15', 3, 5);

INSERT INTO [products$] (id, name, description, price, stock, rating, created_at, category_id, brand_id) VALUES
(41, N'iPad Pro 12.9', N'Budget-friendly model', 1534.97, 281, 2.8, '2024-04-19', 4, 4),
(42, N'MacBook Pro 16', N'Compact and lightweight', 882.35, 386, 3.2, '2024-11-27', 2, 2),
(43, N'Razer BlackShark V2', N'Budget-friendly model', 1894.88, 344, 4.7, '2023-02-04', 3, 2),
(44, N'OnePlus 11', N'High-performance device', 376.34, 124, 1.6, '2023-10-27', 1, 2),
(45, N'MacBook Pro 16', N'Premium build quality', 2007.25, 277, 5, '2023-03-03', 2, 2),
(46, N'Samsung Galaxy Tab S9', N'Premium build quality', 57.99, 453, 4.4, '2023-08-26', 4, 5),
(47, N'Xiaomi Pad 6', N'Premium build quality', 1157.92, 285, 2.2, '2023-12-30', 4, 2),
(48, N'OnePlus 11', N'Premium build quality', 1348.96, 34, 4.2, '2023-07-01', 1, 2),
(49, N'Acer Predator', N'Budget-friendly model', 1317.98, 308, 2.1, '2024-10-13', 2, 5),
(50, N'Pixel 8', N'Compact and lightweight', 1202.48, 170, 4.9, '2023-09-24', 1, 2),
(51, N'OnePlus 11', N'Latest-generation technology', 2473.6, 323, 2.7, '2024-03-13', 1, 3),
(52, N'OnePlus 11', N'Latest-generation technology', 2124.65, 236, 3.6, '2024-10-13', 1, 1),
(53, N'Samsung Galaxy Tab S9', N'Top-rated by users', 1334.13, 258, 3.4, '2023-09-07', 4, 4),
(54, N'Xiaomi Mi 12', N'Compact and lightweight', 274.23, 197, 2.1, '2024-05-16', 1, 2),
(55, N'HP Spectre x360', N'Top-rated by users', 1428.18, 462, 1.9, '2024-03-26', 2, 1),
(56, N'Lenovo Tab P12', N'Top-rated by users', 1819.96, 348, 2.1, '2024-01-28', 4, 3),
(57, N'Galaxy S23', N'Budget-friendly model', 1402.64, 259, 4.7, '2023-03-12', 1, 2),
(58, N'HP Spectre x360', N'Premium build quality', 677.3, 381, 1.6, '2024-07-07', 2, 2),
(59, N'Galaxy S23', N'Latest-generation technology', 1360.21, 240, 3.3, '2024-07-05', 1, 2),
(60, N'Lenovo Tab P12', N'Budget-friendly model', 2643.83, 350, 4.9, '2024-10-22', 4, 3);

INSERT INTO [products$] (id, name, description, price, stock, rating, created_at, category_id, brand_id) VALUES
(61, N'Lenovo Tab P12', N'Compact and lightweight', 1929.72, 150, 3.1, '2024-10-24', 4, 1),
(62, N'Logitech MX Master 3', N'Latest-generation technology', 734.57, 154, 1.7, '2024-11-05', 3, 4),
(63, N'Pixel 8', N'Budget-friendly model', 908.23, 32, 2.1, '2024-03-19', 1, 4),
(64, N'Lenovo Tab P12', N'Latest-generation technology', 122.96, 88, 3.9, '2024-11-30', 4, 5),
(65, N'LG OLED C2 65', N'Premium build quality', 2296.63, 97, 2.3, '2023-07-26', 5, 3),
(66, N'HP Spectre x360', N'Compact and lightweight', 2389.99, 495, 2.5, '2023-08-25', 2, 4),
(67, N'TCL 6-Series 55', N'Compact and lightweight', 959.36, 353, 5, '2023-10-01', 5, 1),
(68, N'Galaxy S23', N'Compact and lightweight', 590.08, 86, 2.7, '2024-09-08', 1, 2),
(69, N'Pixel 8', N'Premium build quality', 308.89, 386, 5, '2024-03-08', 1, 4),
(70, N'Lenovo ThinkPad X1', N'Durable and reliable', 816.1, 370, 5, '2024-07-26', 2, 5),
(71, N'LG OLED C2 65', N'Durable and reliable', 731.11, 232, 4.4, '2023-11-19', 5, 2),
(72, N'iPad Pro 12.9', N'Premium build quality', 818.61, 76, 1.3, '2024-04-17', 4, 3),
(73, N'Apple AirPods Pro', N'Budget-friendly model', 2159.86, 136, 1.6, '2023-03-14', 3, 5),
(74, N'Samsung Galaxy Tab S9', N'Premium build quality', 792.25, 294, 2, '2024-04-30', 4, 4),
(75, N'OnePlus 11', N'Latest-generation technology', 496.6, 280, 1.3, '2023-05-13', 1, 1),
(76, N'Razer BlackShark V2', N'Premium build quality', 1749.38, 163, 1.2, '2023-12-27', 3, 1),
(77, N'Logitech MX Master 3', N'Top-rated by users', 361.58, 301, 1, '2024-03-30', 3, 2),
(78, N'Lenovo Tab P12', N'Premium build quality', 832.96, 129, 3.2, '2023-09-08', 4, 5),
(79, N'MacBook Pro 16', N'Latest-generation technology', 1967.49, 472, 3.4, '2023-03-30', 2, 1),
(80, N'OnePlus 11', N'Budget-friendly model', 1218.39, 41, 2.7, '2023-07-09', 1, 4);

INSERT INTO [products$] (id, name, description, price, stock, rating, created_at, category_id, brand_id) VALUES
(81, N'Sony WH-1000XM5', N'Budget-friendly model', 879.16, 245, 4.7, '2023-11-26', 3, 4),
(82, N'LG OLED C2 65', N'High-performance device', 2532.56, 249, 2.3, '2023-07-15', 5, 3),
(83, N'Samsung Galaxy Tab S9', N'Durable and reliable', 1369.37, 146, 2.8, '2024-01-28', 4, 5),
(84, N'Xiaomi Mi 12', N'Premium build quality', 423.28, 421, 2.7, '2024-04-22', 1, 5),
(85, N'HP Spectre x360', N'High-performance device', 2108.77, 187, 3.2, '2023-03-02', 2, 2),
(86, N'LG OLED C2 65', N'Compact and lightweight', 1240.06, 392, 2.6, '2024-11-08', 5, 5),
(87, N'iPhone 14', N'High-performance device', 400.53, 426, 4.6, '2024-01-03', 1, 3),
(88, N'Xiaomi Pad 6', N'Compact and lightweight', 464.17, 55, 2.1, '2023-04-07', 4, 1),
(89, N'Dell XPS 15', N'Latest-generation technology', 1946.19, 98, 1.4, '2023-02-15', 2, 4),
(90, N'Samsung Galaxy Tab S9', N'Latest-generation technology', 1276.76, 170, 1.3, '2024-06-10', 4, 2),
(91, N'Samsung QLED 55', N'Compact and lightweight', 1463.85, 40, 1.2, '2023-01-10', 5, 3),
(92, N'Sony Bravia X90J', N'Top-rated by users', 1795.89, 72, 4.6, '2023-07-09', 5, 1),
(93, N'Pixel 8', N'Top-rated by users', 1189.04, 89, 1.3, '2024-01-07', 1, 3),
(94, N'Xiaomi Mi 12', N'Latest-generation technology', 1156.09, 366, 2.5, '2023-05-16', 1, 5),
(95, N'Lenovo ThinkPad X1', N'Premium build quality', 2550.29, 422, 4.3, '2023-05-02', 2, 2),
(96, N'Asus ROG Strix', N'Durable and reliable', 2849.27, 72, 1.3, '2023-12-13', 2, 1),
(97, N'Sony WH-1000XM5', N'Budget-friendly model', 833.97, 419, 2.1, '2024-11-18', 3, 4),
(98, N'Lenovo Tab P12', N'Budget-friendly model', 2975.89, 30, 2.3, '2023-01-15', 4, 4),
(99, N'Samsung QLED 55', N'Budget-friendly model', 1675.01, 152, 3.4, '2023-03-11', 5, 3),
(100, N'Xiaomi Mi 12', N'Latest-generation technology', 2936.87, 483, 3.5, '2024-06-03', 1, 3);

INSERT INTO [products$] (id, name, description, price, stock, rating, created_at, category_id, brand_id) VALUES
(101, N'iPad Pro 12.9', N'Budget-friendly model', 2586.19, 263, 4.1, '2023-01-25', 4, 4),
(102, N'Samsung Galaxy Tab S9', N'Compact and lightweight', 968.65, 438, 3.3, '2023-11-08', 4, 5),
(103, N'iPad Pro 12.9', N'Durable and reliable', 690.52, 183, 4.3, '2023-02-04', 4, 5),
(104, N'Razer BlackShark V2', N'Premium build quality', 1937.44, 325, 4.1, '2024-01-31', 3, 2),
(105, N'Sony Bravia X90J', N'High-performance device', 1363.02, 98, 2.7, '2024-05-07', 5, 1),
(106, N'Huawei P50', N'High-performance device', 1374.74, 120, 1.6, '2023-01-18', 1, 2),
(107, N'Samsung Galaxy Tab S9', N'High-performance device', 1275.12, 23, 4.3, '2023-03-14', 4, 5),
(108, N'MacBook Pro 16', N'High-performance device', 239.67, 134, 2.3, '2024-10-13', 2, 4),
(109, N'HP Spectre x360', N'Latest-generation technology', 1723.77, 78, 2.8, '2024-01-09', 2, 1),
(110, N'iPad Pro 12.9', N'Budget-friendly model', 705.37, 195, 3.5, '2024-03-14', 4, 3),
(111, N'Xiaomi Mi 12', N'High-performance device', 497.93, 282, 3.7, '2023-05-01', 1, 4),
(112, N'Asus ROG Strix', N'Budget-friendly model', 2619.86, 319, 1.3, '2024-08-15', 2, 1),
(113, N'Samsung Galaxy Buds2', N'Budget-friendly model', 1358.29, 499, 2.8, '2023-02-13', 3, 5),
(114, N'Dell XPS 15', N'Budget-friendly model', 93.57, 390, 2.2, '2023-11-21', 2, 1),
(115, N'Huawei P50', N'Compact and lightweight', 348.28, 460, 3.4, '2024-09-17', 1, 5),
(116, N'Xiaomi Pad 6', N'Top-rated by users', 847.36, 285, 1, '2023-09-17', 4, 5),
(117, N'MacBook Pro 16', N'Compact and lightweight', 983.58, 145, 2.3, '2024-03-13', 2, 2),
(118, N'Pixel 8', N'Budget-friendly model', 2571.01, 475, 3, '2024-06-02', 1, 4),
(119, N'Lenovo Tab P12', N'Compact and lightweight', 1716.59, 485, 1.7, '2024-02-07', 4, 1),
(120, N'Huawei P50', N'Top-rated by users', 2939.88, 495, 4.3, '2023-01-30', 1, 4);

INSERT INTO [products$] (id, name, description, price, stock, rating, created_at, category_id, brand_id) VALUES
(121, N'HP Spectre x360', N'Budget-friendly model', 739.59, 161, 3.1, '2024-04-13', 2, 1),
(122, N'Galaxy S23', N'Compact and lightweight', 2174.94, 399, 1.5, '2024-06-27', 1, 2),
(123, N'Samsung Galaxy Buds2', N'Premium build quality', 693.09, 310, 3.8, '2023-06-30', 3, 3),
(124, N'Acer Predator', N'Top-rated by users', 297.72, 36, 4.2, '2024-03-10', 2, 3),
(125, N'Xiaomi Pad 6', N'Top-rated by users', 822.88, 449, 3.7, '2024-03-17', 4, 4),
(126, N'Samsung Galaxy Buds2', N'Durable and reliable', 1290.09, 141, 2.1, '2023-09-17', 3, 5),
(127, N'Samsung QLED 55', N'Premium build quality', 1215.62, 20, 2.6, '2023-11-30', 5, 4),
(128, N'Samsung QLED 55', N'Compact and lightweight', 2564.4, 104, 3.9, '2024-07-02', 5, 5),
(129, N'Lenovo Tab P12', N'Top-rated by users', 1705.73, 272, 3.1, '2023-11-10', 4, 3),
(130, N'iPad Pro 12.9', N'Latest-generation technology', 2525.51, 453, 4.6, '2023-04-14', 4, 5),
(131, N'Xiaomi Pad 6', N'Latest-generation technology', 1608, 460, 2.2, '2024-05-01', 4, 2),
(132, N'Huawei P50', N'Latest-generation technology', 2513.16, 209, 3.5, '2023-10-23', 1, 2),
(133, N'Samsung Galaxy Tab S9', N'Compact and lightweight', 1825.39, 187, 1.9, '2023-01-28', 4, 5),
(134, N'Logitech MX Master 3', N'Premium build quality', 1219.83, 293, 3.3, '2023-11-23', 3, 1),
(135, N'Razer BlackShark V2', N'Premium build quality', 615.61, 18, 1.7, '2024-09-10', 3, 1),
(136, N'Sony WH-1000XM5', N'Premium build quality', 1335.97, 7, 3.8, '2023-06-21', 3, 3),
(137, N'Razer BlackShark V2', N'Durable and reliable', 2920.93, 161, 2.3, '2024-10-07', 3, 3),
(138, N'Razer BlackShark V2', N'Top-rated by users', 1282.97, 252, 2.9, '2024-07-21', 3, 2),
(139, N'Sony WH-1000XM5', N'Top-rated by users', 2393.2, 8, 4.9, '2023-09-15', 3, 3),
(140, N'Lenovo Tab P12', N'Budget-friendly model', 1534.12, 275, 2.7, '2023-08-15', 4, 2),
(141, N'OnePlus 11', N'Budget-friendly model', 2761.74, 108, 4.4, '2023-03-22', 1, 2),
(142, N'MacBook Pro 16', N'High-performance device', 1530.97, 181, 3.3, '2024-06-27', 2, 4),
(143, N'Asus ROG Strix', N'Compact and lightweight', 1224.79, 440, 2.4, '2024-09-13', 2, 4),
(144, N'iPad Pro 12.9', N'Premium build quality', 1716.75, 108, 1.3, '2023-07-17', 4, 4),
(145, N'Samsung Galaxy Tab S9', N'Budget-friendly model', 2865.94, 389, 2.4, '2023-05-17', 4, 1),
(146, N'Sony Bravia X90J', N'Premium build quality', 1260.87, 211, 4.8, '2024-07-08', 5, 5),
(147, N'Razer BlackShark V2', N'Compact and lightweight', 1664.07, 125, 3.8, '2023-12-02', 3, 3),
(148, N'TCL 6-Series 55', N'Compact and lightweight', 754, 47, 1.7, '2024-03-06', 5, 3),
(149, N'Lenovo ThinkPad X1', N'High-performance device', 1775.27, 379, 1.6, '2023-01-07', 2, 1),
(150, N'Xiaomi Pad 6', N'Compact and lightweight', 2488.21, 167, 4.5, '2024-01-02', 4, 1);

INSERT INTO [product_tags$] (product_id, tag_id) VALUES
(1, 1), (1, 2), (1, 5),
(2, 5), (2, 3),
(3, 5),
(4, 4),
(5, 5),
(6, 3), (6, 5),
(7, 5), (7, 1),
(8, 1),
(9, 2), (9, 1), (9, 5),
(10, 1), (10, 4),
(11, 3), (11, 4),
(12, 2),
(13, 2), (13, 4),
(14, 5), (14, 2),
(15, 4), (15, 2),
(16, 5), (16, 3),
(17, 4),
(18, 5),
(19, 5),
(20, 5), (20, 3),
(21, 3), (21, 1),
(22, 1),
(23, 3),
(24, 3),
(25, 2),
(26, 3), (26, 2), (26, 4),
(27, 1), (27, 5),
(28, 1), (28, 3), (28, 4),
(29, 5),
(30, 3),
(31, 5), (31, 3),
(32, 2), (32, 3),
(33, 1), (33, 3), (33, 4),
(34, 5), (34, 1), (34, 2),
(35, 5), (35, 2),
(36, 3), (36, 5),
(37, 4),
(38, 3),
(39, 4), (39, 3), (39, 1),
(40, 3), (40, 4),
(41, 4),
(42, 3),
(43, 4), (43, 2), (43, 5),
(44, 4),
(45, 3), (45, 2), (45, 1),
(46, 1), (46, 2), (46, 4),
(47, 5), (47, 3), (47, 4),
(48, 5), (48, 1),
(49, 2), (49, 4),
(50, 2), (50, 5), (50, 3),
(51, 4), (51, 5),
(52, 3),
(53, 5), (53, 1),
(54, 3),
(55, 1),
(56, 4),
(57, 1),
(58, 3),
(59, 2), (59, 5),
(60, 5), (60, 3),
(61, 2),
(62, 2),
(63, 2), (63, 1), (63, 5),
(64, 5),
(65, 4), (65, 2),
(66, 4), (66, 1), (66, 3),
(67, 1), (67, 5),
(68, 1),
(69, 2), (69, 5),
(70, 1),
(71, 3),
(72, 5), (72, 3), (72, 2),
(73, 5), (73, 2),
(74, 2), (74, 5), (74, 3),
(75, 3),
(76, 2), (76, 3),
(77, 5), (77, 2),
(78, 1), (78, 5), (78, 4),
(79, 4), (79, 3),
(80, 2), (80, 4),
(81, 5),
(82, 1),
(83, 3), (83, 4),
(84, 3),
(85, 4), (85, 3),
(86, 1),
(87, 4),
(88, 4),
(89, 4),
(90, 1),
(91, 2), (91, 3),
(92, 1),
(93, 2), (93, 1),
(94, 2),
(95, 1), (95, 4),
(96, 4), (96, 5), (96, 3),
(97, 3),
(98, 1), (98, 5),
(99, 2), (99, 1), (99, 5),
(100, 5), (100, 1),
(101, 1),
(102, 1), (102, 2),
(103, 1),
(104, 1),
(105, 5),
(106, 5),
(107, 3), (107, 4),
(108, 3),
(109, 4),
(110, 5), (110, 4),
(111, 4), (111, 1),
(112, 3), (112, 5),
(113, 1), (113, 5),
(114, 1),
(115, 5), (115, 3),
(116, 4), (116, 3),
(117, 5), (117, 4),
(118, 2),
(119, 3),
(120, 3),
(121, 5),
(122, 4), (122, 5),
(123, 1),
(124, 3), (124, 1), (124, 4),
(125, 1), (125, 2),
(126, 2),
(127, 3), (127, 2),
(128, 2),
(129, 4), (129, 1), (129, 2),
(130, 5), (130, 2),
(131, 2),
(132, 3),
(133, 2),
(134, 4),
(135, 5), (135, 4),
(136, 4), (136, 5),
(137, 3), (137, 4),
(138, 2),
(139, 4),
(140, 5), (140, 3),
(141, 1),
(142, 5), (142, 3),
(143, 3), (143, 1), (143, 5),
(144, 1),
(145, 2), (145, 4),
(146, 5),
(147, 4),
(148, 2),
(149, 1), (149, 3),
(150, 4), (150, 1);
GO

CREATE INDEX IX_products$_category_id ON [products$] (category_id);
CREATE INDEX IX_products$_brand_id ON [products$] (brand_id);
CREATE INDEX IX_product_tags$_product_id ON [product_tags$] (product_id);
CREATE INDEX IX_product_tags$_tag_id ON [product_tags$] (tag_id);
GO
